<?xml version="1.0" encoding="UTF-8"?>
<project-private xmlns="http://www.netbeans.org/ns/project-private/1">
    <editor-bookmarks xmlns="http://www.netbeans.org/ns/editor-bookmarks/2" lastBookmarkId="0"/>
    <open-files xmlns="http://www.netbeans.org/ns/projectui-open-files/2">
        <group>
            <file>file:/Users/david/NetBeansProjects/TAP_U3_Semoforo-master/src/Monitor/Consumidor.java</file>
            <file>file:/Users/david/NetBeansProjects/TAP_U3_Semoforo-master/src/Monitor/Lienzo.java</file>
            <file>file:/Users/david/NetBeansProjects/TAP_U3_Semoforo-master/src/Monitor/Auto.java</file>
            <file>file:/Users/david/NetBeansProjects/TAP_U3_Semoforo-master/src/Monitor/Contenedor.java</file>
            <file>file:/Users/david/NetBeansProjects/TAP_U3_Semoforo-master/src/Monitor/vtnPrincipal.java</file>
            <file>file:/Users/david/NetBeansProjects/TAP_U3_Semoforo-master/src/Monitor/Mover.java</file>
            <file>file:/Users/david/NetBeansProjects/TAP_U3_Semoforo-master/src/Monitor/Productor.java</file>
            <file>file:/Users/david/NetBeansProjects/TAP_U3_Semoforo-master/src/Monitor/SemaforoB.java</file>
            <file>file:/Users/david/NetBeansProjects/TAP_U3_Semoforo-master/src/Monitor/SemaforoA.java</file>
        </group>
    </open-files>
</project-private>
